Datetime,Water Level (m)
2025-10-21 00:00:00,0.04823259
2025-10-21 01:00:00,-0.15018076
2025-10-21 02:00:00,-0.30899325
2025-10-21 03:00:00,-0.42931783
2025-10-21 04:00:00,-0.33159855
2025-10-21 05:00:00,0.10239073
2025-10-21 06:00:00,0.5256469
2025-10-21 07:00:00,0.85712767
2025-10-21 08:00:00,1.0077997
2025-10-21 09:00:00,0.8771626
2025-10-21 10:00:00,0.5426098
2025-10-21 11:00:00,0.2430656
2025-10-21 12:00:00,0.015244301
2025-10-21 13:00:00,-0.17094567
2025-10-21 14:00:00,-0.32775608
2025-10-21 15:00:00,-0.45030037
2025-10-21 16:00:00,-0.36041224
2025-10-21 17:00:00,0.113397546
2025-10-21 18:00:00,0.5815818
2025-10-21 19:00:00,0.9634386
2025-10-21 20:00:00,1.1681495
2025-10-21 21:00:00,1.1113325
2025-10-21 22:00:00,0.79310864
2025-10-21 23:00:00,0.45886898
2025-10-22 00:00:00,0.20249504
2025-10-22 01:00:00,-0.0028161185
2025-10-22 02:00:00,-0.1753635
2025-10-22 03:00:00,-0.32076055
2025-10-22 04:00:00,-0.4056636
2025-10-22 05:00:00,-0.11762105
2025-10-22 06:00:00,0.38000724
2025-10-22 07:00:00,0.7747093
2025-10-22 08:00:00,1.0001217
2025-10-22 09:00:00,0.9596885
2025-10-22 10:00:00,0.6607358
2025-10-22 11:00:00,0.35041252
2025-10-22 12:00:00,0.113337904
2025-10-22 13:00:00,-0.0792911
2025-10-22 14:00:00,-0.23960125
2025-10-22 15:00:00,-0.37835857
2025-10-22 16:00:00,-0.4464894
2025-10-22 17:00:00,-0.13592173
2025-10-22 18:00:00,0.3728769
2025-10-22 19:00:00,0.8221451
2025-10-22 20:00:00,1.1429017
2025-10-22 21:00:00,1.2229123
2025-10-22 22:00:00,0.98382396
2025-10-22 23:00:00,0.6206846
2025-10-23 00:00:00,0.32980743
2025-10-23 01:00:00,0.107592836
2025-10-23 02:00:00,-0.07608345
2025-10-23 03:00:00,-0.2301451
2025-10-23 04:00:00,-0.35081896
2025-10-23 05:00:00,-0.27612817
2025-10-23 06:00:00,0.18929935
2025-10-23 07:00:00,0.62548506
2025-10-23 08:00:00,0.9284247
2025-10-23 09:00:00,1.0114101
2025-10-23 10:00:00,0.80442166
2025-10-23 11:00:00,0.48017767
2025-10-23 12:00:00,0.21795194
2025-10-23 13:00:00,0.013633188
2025-10-23 14:00:00,-0.15578899
2025-10-23 15:00:00,-0.30117244
2025-10-23 16:00:00,-0.41291517
2025-10-23 17:00:00,-0.30900127
2025-10-23 18:00:00,0.16399387
2025-10-23 19:00:00,0.63435465
2025-10-23 20:00:00,1.0222969
2025-10-23 21:00:00,1.2254863
2025-10-23 22:00:00,1.1389539
2025-10-23 23:00:00,0.8006305
2025-10-24 00:00:00,0.47625712
2025-10-24 01:00:00,0.22961327
2025-10-24 02:00:00,0.03363228
2025-10-24 03:00:00,-0.1315367
2025-10-24 04:00:00,-0.2670587
2025-10-24 05:00:00,-0.32680345
2025-10-24 06:00:00,-0.009336597
2025-10-24 07:00:00,0.45600894
2025-10-24 08:00:00,0.8062657
2025-10-24 09:00:00,0.98677987
2025-10-24 10:00:00,0.9056771
2025-10-24 11:00:00,0.6078542
2025-10-24 12:00:00,0.32338423
2025-10-24 13:00:00,0.104810186
2025-10-24 14:00:00,-0.0728551
2025-10-24 15:00:00,-0.22276469
2025-10-24 16:00:00,-0.3492456
2025-10-24 17:00:00,-0.38563228
2025-10-24 18:00:00,-0.040326178
2025-10-24 19:00:00,0.44041625
2025-10-24 20:00:00,0.85507613
2025-10-24 21:00:00,1.1408534
2025-10-24 22:00:00,1.1913998
2025-10-24 23:00:00,0.9503111
2025-10-25 00:00:00,0.61102444
2025-10-25 01:00:00,0.33924818
2025-10-25 02:00:00,0.13025835
2025-10-25 03:00:00,-0.04329845
2025-10-25 04:00:00,-0.18672644
2025-10-25 05:00:00,-0.28919455
2025-10-25 06:00:00,-0.18224078
2025-10-25 07:00:00,0.25234357
2025-10-25 08:00:00,0.63242525
2025-10-25 09:00:00,0.8753627
2025-10-25 10:00:00,0.9186862
2025-10-25 11:00:00,0.70832396
2025-10-25 12:00:00,0.41900563
2025-10-25 13:00:00,0.18647236
2025-10-25 14:00:00,0.00017904514
2025-10-25 15:00:00,-0.15402457
2025-10-25 16:00:00,-0.28387532
2025-10-25 17:00:00,-0.36877352
2025-10-25 18:00:00,-0.20695497
2025-10-25 19:00:00,0.23615682
2025-10-25 20:00:00,0.652272
2025-10-25 21:00:00,0.9843886
2025-10-25 22:00:00,1.148261
2025-10-25 23:00:00,1.0590724
2025-10-26 00:00:00,0.75247025
2025-10-26 01:00:00,0.4554467
2025-10-26 02:00:00,0.22764364
2025-10-26 03:00:00,0.04711796
2025-10-26 04:00:00,-0.1028875
2025-10-26 05:00:00,-0.21639231
2025-10-26 06:00:00,-0.23936868
2025-10-26 07:00:00,0.052147653
2025-10-26 08:00:00,0.44594127
2025-10-26 09:00:00,0.7261242
2025-10-26 10:00:00,0.861058
2025-10-26 11:00:00,0.78695303
2025-10-26 12:00:00,0.53574777
2025-10-26 13:00:00,0.28803334
2025-10-26 14:00:00,0.092474826
2025-10-26 15:00:00,-0.06848657
2025-10-26 16:00:00,-0.20086756
2025-10-26 17:00:00,-0.3006864
2025-10-26 18:00:00,-0.27124956
2025-10-26 19:00:00,0.0814564
2025-10-26 20:00:00,0.48642892
2025-10-26 21:00:00,0.8225902
2025-10-26 22:00:00,1.0431529
2025-10-26 23:00:00,1.0817425
2025-10-27 00:00:00,0.8925144
